<?xml version="1.0" encoding="UTF-8"?>
<beans:beans xmlns:xsi="http://www.w3.org/2001/XMLSchema-instance"
	xmlns:beans="http://www.springframework.org/schema/beans"
	xmlns:context="http://www.springframework.org/schema/context"
	xmlns:tx="http://www.springframework.org/schema/tx"
	xmlns:aop="http://www.springframework.org/schema/aop"
	xmlns="http://www.springframework.org/schema/mvc"
	xsi:schemaLocation="http://www.springframework.org/schema/mvc http://www.springframework.org/schema/mvc/spring-mvc.xsd
		http://www.springframework.org/schema/beans http://www.springframework.org/schema/beans/spring-beans.xsd
		http://www.springframework.org/schema/context http://www.springframework.org/schema/context/spring-context.xsd
		http://www.springframework.org/schema/aop http://www.springframework.org/schema/aop/spring-aop-4.2.xsd
		http://www.springframework.org/schema/tx http://www.springframework.org/schema/tx/spring-tx-4.2.xsd">

	<!-- DispatcherServlet Context: defines this servlet's request-processing infrastructure -->
	
	<!-- Enables the Spring MVC @Controller programming model -->
	<annotation-driven />
	<tx:annotation-driven />
	<!-- Handles HTTP GET requests for /resources/** by efficiently serving up static resources in the ${webappRoot}/resources directory -->
	<resources mapping="/resources/**" location="/resources/" />
	<resources mapping="/upload/**" location="/upload/" />

	<!-- Resolves views selected for rendering by @Controllers to .jsp resources in the /WEB-INF/views directory -->
	<beans:bean class="org.springframework.web.servlet.view.InternalResourceViewResolver">
		<beans:property name="prefix" value="/WEB-INF/views/" />
		<beans:property name="suffix" value=".jsp" />
	</beans:bean>
	
	<context:component-scan base-package="com.steppe.nomad" />
	
	<!-- dbcp Bean -->
	<beans:bean class="org.springframework.jndi.JndiObjectFactoryBean"
		id="dataSource"><!-- 커넷션풀 설정 -->
		<beans:property name="jndiName" value="jdbc/OracleDB"/>
		<beans:property name="resourceRef" value="true"/>
	</beans:bean>
	
	<!--sqlSessionFactory & sqlSession  -->
	<beans:bean class="org.mybatis.spring.SqlSessionFactoryBean"
		id="sqlSessionFactory">
		<beans:property name="dataSource" ref="dataSource" />
		<beans:property value="/WEB-INF/mybatis/mybatis-conf.xml"
		name="configLocation"/>
		<beans:property value="/WEB-INF/mybatis/mapper/*.xml"
			name="mapperLocations"/>
	</beans:bean>
	
	<!-- SqlSessionTemplate-->
	<beans:bean id="sqlSession" class="org.mybatis.spring.SqlSessionTemplate">
		<beans:constructor-arg index="0" ref="sqlSessionFactory"></beans:constructor-arg>
	</beans:bean>
	
	<tx:annotation-driven/><!-- @Transactional사용하기 위해//Namespaces에서 tx가 체크되야됨 -->
	<!-- TransactionManager 세부설정 코딩 후 트랜잭션 사용시
	 id명을 반드시 transactionManager로 해야함-->
	<beans:bean id="transactionManager" class="org.springframework.jdbc.datasource.DataSourceTransactionManager">
	 	<beans:property name="dataSource" ref="dataSource"/>
	</beans:bean>
	
	<beans:bean id="multipartResolver" class="org.springframework.web.multipart.commons.CommonsMultipartResolver">
  		<beans:property name="defaultEncoding" value="UTF-8" /><!-- 문자는 UTF-8로 -->
  		<beans:property name="maxUploadSize" value="10000000" /><!-- 
   		10MB -->
  		<beans:property name="maxInMemorySize" value="10000000" /><!-- 
   		10MB -->
 	</beans:bean>
</beans:beans>
