<?xml version="1.0" encoding="UTF-8"?>
<!-- board_mapper.xml :게시판관련 쿼리문 -->
<!DOCTYPE mapper PUBLIC "-//mybatis.org//DTD Mapper 3.0//EN" 
"http://mybatis.org/dtd/mybatis-3-mapper.dtd">
<mapper namespace="Career">
	<select id="getCareerMaxNum" resultType="Integer">
		SELECT
		NVL(MAX(CA_NUM),0) FROM CAREER
	</select>
	
	<select id="getLikeMaxNum" resultType="Integer">
		SELECT NVL(MAX(L_NUM),0) FROM VERYLIKE
	</select>

	<select id="getCareerList" parameterType="String" resultType="career">
		SELECT * FROM CAREER WHERE CA_MID = #{m_id}
	</select>

	<insert id="insertCareer" parameterType="career">
		INSERT INTO CAREER
		VALUES(#{ca_num},#{m_id},#{ca_term},#{ca_company},#{ca_rank})
	</insert>
	
	<insert id="insertLike" parameterType="verylike">
		INSERT INTO VERYLIKE
		VALUES(#{l_num},#{l_msetid},#{l_mgetid})
	</insert>
	
	<delete id="deleteCareer" parameterType="career">
		DELETE FROM CAREER WHERE
		CA_NUM = #{ca_num}
	</delete>

	<select id="getFreelancerList" resultType="member">
		SELECT * FROM MLIST WHERE M_KIND='F'
	</select>

	<select id="getFreelancerDetail" parameterType="String"
		resultType="member">
		SELECT * FROM MEMBER WHERE M_ID=#{m_id}
	</select>

	<select id="getCareer" parameterType="String" resultType="career">
		SELECT
		* FROM CAREER WHERE CA_MID=#{m_id}
	</select>

	<select id="getSearchResult" parameterType="String" resultType="member">
		SELECT * FROM MLIST WHERE M_KIND='F' AND M_NAME LIKE
		'%'||#{keyword}||'%'
	</select>

	<select id="getProfilePhoto" parameterType="String" resultType="String">
		SELECT MF_SYSNAME FROM MLIST WHERE M_ID=#{m_id}
	</select>
	
	<select id="getPhoto" resultType="member">
		SELECT MF_SYSNAME FROM MLIST WHERE M_ID=#{m_id}
	</select>

	<select id="getName" parameterType ="String" resultType="member">
		SELECT * FROM MEMBER WHERE M_ID=#{m_id}
	</select>
	
	<select id="CntLike" parameterType ="String" resultType="Integer">
		SELECT COUNT(*) FROM VERYLIKE WHERE L_MGETID=#{l_mgetid}
	</select>
	
	<select id="selectLike" parameterType ="verylike" resultType="Integer">
		SELECT COUNT(*) FROM VERYLIKE WHERE L_MGETID=#{l_mgetid} AND L_MSETID=#{l_msetid} 
	</select>
	
	<delete id="deleteLike" parameterType="verylike">
		DELETE FROM VERYLIKE WHERE
		L_MGETID=#{l_mgetid} AND L_MSETID=#{l_msetid}
	</delete>

</mapper>
